,error,filename
0,index 8 is out of bounds for axis 0 with size 8,data0/1611091350304122705
1,index 18 is out of bounds for axis 0 with size 18,data0/1409261321014150408
2,index 3 is out of bounds for axis 0 with size 3,data1/1512171131354105778
3,index 4 is out of bounds for axis 0 with size 4,data1/1512171101554108106
4,index 4 is out of bounds for axis 0 with size 4,data1/1512161100324107952
5,index 8 is out of bounds for axis 0 with size 8,data1/1511081140364101607
6,index 4 is out of bounds for axis 0 with size 4,data1/1510241250584106421
7,index 4 is out of bounds for axis 0 with size 4,data1/1509181070144115184
8,index 4 is out of bounds for axis 0 with size 4,data1/1509181050134118410
9,index 4 is out of bounds for axis 0 with size 4,data1/1509181000044103368
10,index 12 is out of bounds for axis 0 with size 12,data1/1505260022244110739
11,index 6 is out of bounds for axis 0 with size 6,data1/1505100111884116723
12,index 4 is out of bounds for axis 0 with size 4,data1/1505100012104116293
13,index 4 is out of bounds for axis 0 with size 4,data1/1505071021664105071
14,index 4 is out of bounds for axis 0 with size 4,data1/1505070141974114179
15,index 4 is out of bounds for axis 0 with size 4,data1/1504191281424118106
16,index 4 is out of bounds for axis 0 with size 4,data1/1503261031494105101
17,index 12 is out of bounds for axis 0 with size 12,data1/1412281150344104123
18,index 4 is out of bounds for axis 0 with size 4,data1/1409271010074105029
19,index 4 is out of bounds for axis 0 with size 4,data1/1409271010074101165
20,index 4 is out of bounds for axis 0 with size 4,data1/1402271170974119047
21,index 4 is out of bounds for axis 0 with size 4,data1/1402260031874116129
22,index 4 is out of bounds for axis 0 with size 4,data1/1402260021864105208
23,index 4 is out of bounds for axis 0 with size 4,data1/1402260011864111053
24,index 9 is out of bounds for axis 0 with size 9,data1/1402061151274114785
25,index 8 is out of bounds for axis 0 with size 8,data1/1401211230944128272
26,index 19 is out of bounds for axis 0 with size 19,data1/1312231150364104119
27,index 17 is out of bounds for axis 0 with size 17,data1/1311291180204103696
28,index 8 is out of bounds for axis 0 with size 8,data1/1309171412454110987
29,index 4 is out of bounds for axis 0 with size 4,data1/1309061070394113711
30,index 4 is out of bounds for axis 0 with size 4,data1/1309060073144101178
31,index 4 is out of bounds for axis 0 with size 4,data1/1309041050224101647
32,index 14 is out of bounds for axis 0 with size 14,data1/1305041001794101482
33,index 17 is out of bounds for axis 0 with size 17,data1/1304141002034106390
34,index 13 is out of bounds for axis 0 with size 13,data1/1303141101584112431
35,index 14 is out of bounds for axis 0 with size 14,data1/1303141071584106508
36,index 4 is out of bounds for axis 0 with size 4,data1/1302171181354114397
37,index 11 is out of bounds for axis 0 with size 11,data1/1302170111814102545
38,index 9 is out of bounds for axis 0 with size 9,data1/1302141121534104298
39,index 18 is out of bounds for axis 0 with size 18,data1/1302021111254110067
40,index 18 is out of bounds for axis 0 with size 18,data1/1301221221174109542
41,index 12 is out of bounds for axis 0 with size 12,data1/1301201211344102947
42,index 13 is out of bounds for axis 0 with size 13,data1/1301171091474105915
43,index 15 is out of bounds for axis 0 with size 15,data1/1301171091474102543
44,index 14 is out of bounds for axis 0 with size 14,data1/1301151270524109927
45,index 17 is out of bounds for axis 0 with size 17,data1/1212061100604112007
46,index 19 is out of bounds for axis 0 with size 19,data1/1212041140644112014
47,index 17 is out of bounds for axis 0 with size 17,data1/1206130071904118785
48,index 13 is out of bounds for axis 0 with size 13,data1/1205220001834113227
49,index 17 is out of bounds for axis 0 with size 17,data1/1205140152104124659
50,index 7 is out of bounds for axis 0 with size 7,data1/1204181141304119101
51,index 19 is out of bounds for axis 0 with size 19,data1/1204180041934107703
52,index 18 is out of bounds for axis 0 with size 18,data1/1204011021794108905
53,index 16 is out of bounds for axis 0 with size 16,data1/1203291001584113624
54,index 10 is out of bounds for axis 0 with size 10,data1/1203281240974102222
55,index 13 is out of bounds for axis 0 with size 13,data1/1203241071654110358
56,index 11 is out of bounds for axis 0 with size 11,data1/1203171071614102468
57,index 6 is out of bounds for axis 0 with size 6,data1/1203151041504111209
58,index 6 is out of bounds for axis 0 with size 6,data1/1203151041484101986
59,index 17 is out of bounds for axis 0 with size 17,data1/1203151031494107829
60,index 11 is out of bounds for axis 0 with size 11,data1/1202291051464102038
61,index 7 is out of bounds for axis 0 with size 7,data1/1202251181074118356
62,index 7 is out of bounds for axis 0 with size 7,data1/1202251181074116422
63,index 14 is out of bounds for axis 0 with size 14,data1/1202250071894114134
64,index 8 is out of bounds for axis 0 with size 8,data1/1202241161394113366
65,index 18 is out of bounds for axis 0 with size 18,data1/1202011111244111269
66,index 18 is out of bounds for axis 0 with size 18,data1/1202011101264107143
67,index 11 is out of bounds for axis 0 with size 11,data1/1201261180564102321
68,index 15 is out of bounds for axis 0 with size 15,data1/1201011091234110689
69,index 8 is out of bounds for axis 0 with size 8,data1/1111231230464108997
70,index 18 is out of bounds for axis 0 with size 18,data1/1110311030264111773
71,index 15 is out of bounds for axis 0 with size 15,data1/1110190142924112548
72,index 15 is out of bounds for axis 0 with size 15,data1/1110190142924108450
73,index 16 is out of bounds for axis 0 with size 16,data1/1109271130594105824
74,index 19 is out of bounds for axis 0 with size 19,data1/1106240011804106756
75,index 14 is out of bounds for axis 0 with size 14,data1/1105081141174118312
76,index 17 is out of bounds for axis 0 with size 17,data1/1104050011614102460
77,index 14 is out of bounds for axis 0 with size 14,data1/1103091121604101143
78,index 17 is out of bounds for axis 0 with size 17,data1/1103021101294111207
79,index 17 is out of bounds for axis 0 with size 17,data1/1103021091344113112
80,index 16 is out of bounds for axis 0 with size 16,data1/1101251240504109430
81,index 16 is out of bounds for axis 0 with size 16,data1/1011061030294112093
82,index 18 is out of bounds for axis 0 with size 18,data1/1009161180354105422
83,index 16 is out of bounds for axis 0 with size 16,data1/1009050053104119149
